Year,Date,Open,High,Low,Close,Adj Close
1928,1/3/1928,17.76,17.76,17.76,17.76,17.76
1928,2/1/1928,17.530001,17.530001,17.530001,17.530001,17.530001
1928,3/1/1928,17.299999,17.299999,17.299999,17.299999,17.299999
1928,4/2/1928,18.91,18.91,18.91,18.91,18.91
1928,5/1/1928,19.780001,19.780001,19.780001,19.780001,19.780001
1928,6/1/1928,20.07,20.07,20.07,20.07,20.07
1928,7/2/1928,18.98,18.98,18.98,18.98,18.98
1928,8/1/1928,19.42,19.42,19.42,19.42,19.42
1928,9/4/1928,20.969999,20.969999,20.969999,20.969999,20.969999
1928,10/1/1928,21.360001,21.360001,21.360001,21.360001,21.360001
1928,11/1/1928,21.99,21.99,21.99,21.99,21.99
1928,12/3/1928,23.85,23.85,23.85,23.85,23.85
1929,1/2/1929,24.809999,24.809999,24.809999,24.809999,24.809999
1929,2/1/1929,25.84,25.84,25.84,25.84,25.84
1929,3/1/1929,25.83,25.83,25.83,25.83,25.83
1929,4/1/1929,24.879999,24.879999,24.879999,24.879999,24.879999
1929,5/1/1929,25.99,25.99,25.99,25.99,25.99
1929,6/3/1929,25.27,25.27,25.27,25.27,25.27
1929,7/1/1929,27.77,27.77,27.77,27.77,27.77
1929,8/1/1929,29.08,29.08,29.08,29.08,29.08
1929,9/3/1929,31.82,31.82,31.82,31.82,31.82
1929,10/1/1929,29.98,29.98,29.98,29.98,29.98
1929,11/4/1929,22.879999,22.879999,22.879999,22.879999,22.879999
1929,12/2/1929,20.950001,20.950001,20.950001,20.950001,20.950001
1930,1/2/1930,21.18,21.18,21.18,21.18,21.18
1930,2/3/1930,22.74,22.74,22.74,22.74,22.74
1930,3/3/1930,23.360001,23.360001,23.360001,23.360001,23.360001
1930,4/1/1930,25.370001,25.370001,25.370001,25.370001,25.370001
1930,5/1/1930,24.299999,24.299999,24.299999,24.299999,24.299999
1930,6/2/1930,24.4,24.4,24.4,24.4,24.4
1930,7/1/1930,20.24,20.24,20.24,20.24,20.24
1930,8/1/1930,21.110001,21.110001,21.110001,21.110001,21.110001
1930,9/2/1930,21.379999,21.379999,21.379999,21.379999,21.379999
1930,10/1/1930,19.42,19.42,19.42,19.42,19.42
1930,11/3/1930,17.129999,17.129999,17.129999,17.129999,17.129999
1930,12/1/1930,16.799999,16.799999,16.799999,16.799999,16.799999
1931,1/2/1931,15.85,15.85,15.85,15.85,15.85
1931,2/2/1931,16.16,16.16,16.16,16.16,16.16
1931,3/2/1931,17.52,17.52,17.52,17.52,17.52
1931,4/1/1931,16.52,16.52,16.52,16.52,16.52
1931,5/1/1931,14.65,14.65,14.65,14.65,14.65
1931,6/1/1931,12.4,12.4,12.4,12.4,12.4
1931,7/1/1931,15.07,15.07,15.07,15.07,15.07
1931,8/3/1931,13.93,13.93,13.93,13.93,13.93
1931,9/1/1931,13.92,13.92,13.92,13.92,13.92
1931,10/1/1931,9.53,9.53,9.53,9.53,9.53
1931,11/2/1931,10.5,10.5,10.5,10.5,10.5
1931,12/1/1931,9.38,9.38,9.38,9.38,9.38
1932,1/4/1932,7.56,7.56,7.56,7.56,7.56
1932,2/1/1932,8.23,8.23,8.23,8.23,8.23
1932,3/1/1932,8.35,8.35,8.35,8.35,8.35
1932,4/1/1932,7.18,7.18,7.18,7.18,7.18
1932,5/2/1932,5.74,5.74,5.74,5.74,5.74
1932,6/1/1932,4.4,4.4,4.4,4.4,4.4
1932,7/1/1932,4.6,4.6,4.6,4.6,4.6
1932,8/1/1932,6.11,6.11,6.11,6.11,6.11
1932,9/1/1932,8.47,8.47,8.47,8.47,8.47
1932,10/3/1932,8.06,8.06,8.06,8.06,8.06
1932,11/1/1932,6.76,6.76,6.76,6.76,6.76
1932,12/1/1932,6.73,6.73,6.73,6.73,6.73
1933,1/3/1933,6.83,6.83,6.83,6.83,6.83
1933,2/1/1933,6.67,6.67,6.67,6.67,6.67
1933,3/1/1933,5.77,5.77,5.77,5.77,5.77
1933,4/3/1933,5.87,5.87,5.87,5.87,5.87
1933,5/1/1933,8.43,8.43,8.43,8.43,8.43
1933,6/1/1933,9.74,9.74,9.74,9.74,9.74
1933,7/3/1933,11.62,11.62,11.62,11.62,11.62
1933,8/1/1933,10.25,10.25,10.25,10.25,10.25
1933,9/1/1933,11.23,11.23,11.23,11.23,11.23
1933,10/2/1933,9.62,9.62,9.62,9.62,9.62
1933,11/1/1933,9.12,9.12,9.12,9.12,9.12
1933,12/1/1933,9.91,9.91,9.91,9.91,9.91
1934,1/2/1934,10.11,10.11,10.11,10.11,10.11
1934,2/1/1934,11.46,11.46,11.46,11.46,11.46
1934,3/1/1934,10.72,10.72,10.72,10.72,10.72
1934,4/2/1934,10.76,10.76,10.76,10.76,10.76
1934,5/1/1934,10.46,10.46,10.46,10.46,10.46
1934,6/1/1934,9.38,9.38,9.38,9.38,9.38
1934,7/2/1934,9.69,9.69,9.69,9.69,9.69
1934,8/1/1934,8.95,8.95,8.95,8.95,8.95
1934,9/4/1934,9.06,9.06,9.06,9.06,9.06
1934,10/1/1934,8.83,8.83,8.83,8.83,8.83
1934,11/1/1934,8.77,8.77,8.77,8.77,8.77
1934,12/3/1934,9.41,9.41,9.41,9.41,9.41
1935,1/2/1935,9.51,9.51,9.51,9.51,9.51
1935,2/1/1935,9.05,9.05,9.05,9.05,9.05
1935,3/1/1935,8.79,8.79,8.79,8.79,8.79
1935,4/1/1935,8.54,8.54,8.54,8.54,8.54
1935,5/1/1935,9.23,9.23,9.23,9.23,9.23
1935,6/3/1935,9.67,9.67,9.67,9.67,9.67
1935,7/1/1935,10.28,10.28,10.28,10.28,10.28
1935,8/1/1935,11.04,11.04,11.04,11.04,11.04
1935,9/3/1935,11.21,11.21,11.21,11.21,11.21
1935,10/1/1935,11.48,11.48,11.48,11.48,11.48
1935,11/1/1935,12.61,12.61,12.61,12.61,12.61
1935,12/2/1935,12.75,12.75,12.75,12.75,12.75
1936,1/2/1936,13.4,13.4,13.4,13.4,13.4
1936,2/3/1936,14.44,14.44,14.44,14.44,14.44
1936,3/2/1936,14.77,14.77,14.77,14.77,14.77
1936,4/1/1936,15.19,15.19,15.19,15.19,15.19
1936,5/1/1936,13.87,13.87,13.87,13.87,13.87
1936,6/1/1936,14.39,14.39,14.39,14.39,14.39
1936,7/1/1936,14.9,14.9,14.9,14.9,14.9
1936,8/3/1936,15.91,15.91,15.91,15.91,15.91
1936,9/1/1936,15.95,15.95,15.95,15.95,15.95
1936,10/1/1936,16.040001,16.040001,16.040001,16.040001,16.040001
1936,11/2/1936,17.17,17.17,17.17,17.17,17.17
1936,12/1/1936,17.139999,17.139999,17.139999,17.139999,17.139999
1937,1/4/1937,16.93,16.93,16.93,16.93,16.93
1937,2/1/1937,17.879999,17.879999,17.879999,17.879999,17.879999
1937,3/1/1937,18.09,18.09,18.09,18.09,18.09
1937,4/1/1937,17.709999,17.709999,17.709999,17.709999,17.709999
1937,5/3/1937,16.469999,16.469999,16.469999,16.469999,16.469999
1937,6/1/1937,15.96,15.96,15.96,15.96,15.96
1937,7/1/1937,15.47,15.47,15.47,15.47,15.47
1937,8/2/1937,17.07,17.07,17.07,17.07,17.07
1937,9/1/1937,15.61,15.61,15.61,15.61,15.61
1937,10/1/1937,13.72,13.72,13.72,13.72,13.72
1937,11/1/1937,12.08,12.08,12.08,12.08,12.08
1937,12/1/1937,10.97,10.97,10.97,10.97,10.97
1938,1/3/1938,10.52,10.52,10.52,10.52,10.52
1938,2/1/1938,10.89,10.89,10.89,10.89,10.89
1938,3/1/1938,11.46,11.46,11.46,11.46,11.46
1938,4/1/1938,8.91,8.91,8.91,8.91,8.91
1938,5/2/1938,9.59,9.59,9.59,9.59,9.59
1938,6/1/1938,9.57,9.57,9.57,9.57,9.57
1938,7/1/1938,11.91,11.91,11.91,11.91,11.91
1938,8/1/1938,12.25,12.25,12.25,12.25,12.25
1938,9/1/1938,11.92,11.92,11.92,11.92,11.92
1938,10/3/1938,12.52,12.52,12.52,12.52,12.52
1938,11/1/1938,13.1,13.1,13.1,13.1,13.1
1938,12/1/1938,12.61,12.61,12.61,12.61,12.61
1939,1/3/1939,13.08,13.08,13.08,13.08,13.08
1939,2/1/1939,12.12,12.12,12.12,12.12,12.12
1939,3/1/1939,12.7,12.7,12.7,12.7,12.7
1939,4/3/1939,11.26,11.26,11.26,11.26,11.26
1939,5/1/1939,10.86,10.86,10.86,10.86,10.86
1939,6/1/1939,11.42,11.42,11.42,11.42,11.42
1939,7/3/1939,11,11,11,11,11
1939,8/1/1939,12.04,12.04,12.04,12.04,12.04
1939,9/1/1939,11.3,11.3,11.3,11.3,11.3
1939,10/2/1939,12.88,12.88,12.88,12.88,12.88
1939,11/1/1939,12.82,12.82,12.82,12.82,12.82
1939,12/1/1939,12.29,12.29,12.29,12.29,12.29
1940,1/2/1940,12.63,12.63,12.63,12.63,12.63
1940,2/1/1940,12.05,12.05,12.05,12.05,12.05
1940,3/1/1940,12.06,12.06,12.06,12.06,12.06
1940,4/1/1940,12.21,12.21,12.21,12.21,12.21
1940,5/1/1940,12.03,12.03,12.03,12.03,12.03
1940,6/3/1940,9.11,9.11,9.11,9.11,9.11
1940,7/1/1940,9.87,9.87,9.87,9.87,9.87
1940,8/1/1940,10.26,10.26,10.26,10.26,10.26
1940,9/3/1940,10.56,10.56,10.56,10.56,10.56
1940,10/1/1940,10.81,10.81,10.81,10.81,10.81
1940,11/1/1940,11.08,11.08,11.08,11.08,11.08
1940,12/2/1940,10.62,10.62,10.62,10.62,10.62
1941,1/2/1941,10.48,10.48,10.48,10.48,10.48
1941,2/3/1941,9.96,9.96,9.96,9.96,9.96
1941,3/3/1941,9.77,9.77,9.77,9.77,9.77
1941,4/1/1941,9.97,9.97,9.97,9.97,9.97
1941,5/1/1941,9.3,9.3,9.3,9.3,9.3
1941,6/2/1941,9.36,9.36,9.36,9.36,9.36
1941,7/1/1941,9.82,9.82,9.82,9.82,9.82
1941,8/1/1941,10.34,10.34,10.34,10.34,10.34
1941,9/2/1941,10.34,10.34,10.34,10.34,10.34
1941,10/1/1941,10.17,10.17,10.17,10.17,10.17
1941,11/3/1941,9.59,9.59,9.59,9.59,9.59
1941,12/1/1941,9.07,9.07,9.07,9.07,9.07
1942,1/2/1942,8.89,8.89,8.89,8.89,8.89
1942,2/2/1942,8.84,8.84,8.84,8.84,8.84
1942,3/2/1942,8.47,8.47,8.47,8.47,8.47
1942,4/1/1942,8.05,8.05,8.05,8.05,8.05
1942,5/1/1942,7.71,7.71,7.71,7.71,7.71
1942,6/1/1942,8.19,8.19,8.19,8.19,8.19
1942,7/1/1942,8.23,8.23,8.23,8.23,8.23
1942,8/3/1942,8.57,8.57,8.57,8.57,8.57
1942,9/1/1942,8.62,8.62,8.62,8.62,8.62
1942,10/1/1942,8.92,8.92,8.92,8.92,8.92
1942,11/2/1942,9.48,9.48,9.48,9.48,9.48
1942,12/1/1942,9.28,9.28,9.28,9.28,9.28
1943,1/4/1943,9.92,9.92,9.92,9.92,9.92
1943,2/1/1943,10.52,10.52,10.52,10.52,10.52
1943,3/1/1943,10.92,10.92,10.92,10.92,10.92
1943,4/1/1943,11.59,11.59,11.59,11.59,11.59
1943,5/3/1943,11.82,11.82,11.82,11.82,11.82
1943,6/1/1943,12.18,12.18,12.18,12.18,12.18
1943,7/1/1943,12.36,12.36,12.36,12.36,12.36
1943,8/2/1943,11.47,11.47,11.47,11.47,11.47
1943,9/1/1943,11.84,11.84,11.84,11.84,11.84
1943,10/1/1943,12.09,12.09,12.09,12.09,12.09
1943,11/1/1943,11.92,11.92,11.92,11.92,11.92
1943,12/1/1943,11.13,11.13,11.13,11.13,11.13
1944,1/3/1944,11.66,11.66,11.66,11.66,11.66
1944,2/1/1944,11.83,11.83,11.83,11.83,11.83
1944,3/1/1944,11.87,11.87,11.87,11.87,11.87
1944,4/3/1944,11.96,11.96,11.96,11.96,11.96
1944,5/1/1944,11.96,11.96,11.96,11.96,11.96
1944,6/1/1944,12.31,12.31,12.31,12.31,12.31
1944,7/3/1944,13.11,13.11,13.11,13.11,13.11
1944,8/1/1944,12.78,12.78,12.78,12.78,12.78
1944,9/1/1944,12.86,12.86,12.86,12.86,12.86
1944,10/2/1944,12.8,12.8,12.8,12.8,12.8
1944,11/1/1944,12.83,12.83,12.83,12.83,12.83
1944,12/1/1944,12.8,12.8,12.8,12.8,12.8
1945,1/2/1945,13.33,13.33,13.33,13.33,13.33
1945,2/1/1945,13.5,13.5,13.5,13.5,13.5
1945,3/1/1945,14.32,14.32,14.32,14.32,14.32
1945,4/2/1945,13.77,13.77,13.77,13.77,13.77
1945,5/1/1945,14.79,14.79,14.79,14.79,14.79
1945,6/1/1945,15.03,15.03,15.03,15.03,15.03
1945,7/2/1945,15.03,15.03,15.03,15.03,15.03
1945,8/1/1945,14.68,14.68,14.68,14.68,14.68
1945,9/4/1945,15.51,15.51,15.51,15.51,15.51
1945,10/1/1945,16.33,16.33,16.33,16.33,16.33
1945,11/1/1945,16.870001,16.870001,16.870001,16.870001,16.870001
1945,12/3/1945,17.440001,17.440001,17.440001,17.440001,17.440001
1946,1/2/1946,17.25,17.25,17.25,17.25,17.25
1946,2/1/1946,18.639999,18.639999,18.639999,18.639999,18.639999
1946,3/1/1946,17.209999,17.209999,17.209999,17.209999,17.209999
1946,4/1/1946,18.059999,18.059999,18.059999,18.059999,18.059999
1946,5/1/1946,18.709999,18.709999,18.709999,18.709999,18.709999
1946,6/3/1946,19.049999,19.049999,19.049999,19.049999,19.049999
1946,7/1/1946,18.540001,18.540001,18.540001,18.540001,18.540001
1946,8/1/1946,18.01,18.01,18.01,18.01,18.01
1946,9/3/1946,15,15,15,15,15
1946,10/1/1946,14.92,14.92,14.92,14.92,14.92
1946,11/1/1946,15.07,15.07,15.07,15.07,15.07
1946,12/2/1946,14.44,14.44,14.44,14.44,14.44
1947,1/2/1947,15.2,15.2,15.2,15.2,15.2
1947,2/3/1947,15.8,15.8,15.8,15.8,15.8
1947,3/3/1947,15.41,15.41,15.41,15.41,15.41
1947,4/1/1947,15.23,15.23,15.23,15.23,15.23
1947,5/1/1947,14.69,14.69,14.69,14.69,14.69
1947,6/2/1947,14.3,14.3,14.3,14.3,14.3
1947,7/1/1947,15.46,15.46,15.46,15.46,15.46
1947,8/1/1947,15.8,15.8,15.8,15.8,15.8
1947,9/2/1947,15.37,15.37,15.37,15.37,15.37
1947,10/1/1947,15.16,15.16,15.16,15.16,15.16
1947,11/3/1947,15.46,15.46,15.46,15.46,15.46
1947,12/1/1947,15.07,15.07,15.07,15.07,15.07
1948,1/2/1948,15.34,15.34,15.34,15.34,15.34
1948,2/2/1948,14.71,14.71,14.71,14.71,14.71
1948,3/1/1948,14.07,14.07,14.07,14.07,14.07
1948,4/1/1948,15.12,15.12,15.12,15.12,15.12
1948,5/3/1948,15.6,15.6,15.6,15.6,15.6
1948,6/1/1948,16.74,16.74,16.74,16.74,16.74
1948,7/1/1948,16.700001,16.700001,16.700001,16.700001,16.700001
1948,8/2/1948,15.85,15.85,15.85,15.85,15.85
1948,9/1/1948,16.16,16.16,16.16,16.16,16.16
1948,10/1/1948,15.67,15.67,15.67,15.67,15.67
1948,11/1/1948,16.700001,16.700001,16.700001,16.700001,16.700001
1948,12/1/1948,15.01,15.01,15.01,15.01,15.01
1949,1/3/1949,14.95,14.95,14.95,14.95,14.95
1949,2/1/1949,15.34,15.34,15.34,15.34,15.34
1949,3/1/1949,14.71,14.71,14.71,14.71,14.71
1949,4/1/1949,14.94,14.94,14.94,14.94,14.94
1949,5/2/1949,14.78,14.78,14.78,14.78,14.78
1949,6/1/1949,14.14,14.14,14.14,14.14,14.14
1949,7/1/1949,14.26,14.26,14.26,14.26,14.26
1949,8/1/1949,15.12,15.12,15.12,15.12,15.12
1949,9/1/1949,15.31,15.31,15.31,15.31,15.31
1949,10/3/1949,15.6,15.6,15.6,15.6,15.6
1949,11/1/1949,16.200001,16.200001,16.200001,16.200001,16.200001
1949,12/1/1949,16.15,16.15,16.15,16.15,16.15
1950,1/3/1950,16.66,16.66,16.66,16.66,16.66
1950,2/1/1950,17.049999,17.049999,17.049999,17.049999,17.049999
1950,3/1/1950,17.24,17.24,17.24,17.24,17.24
1950,4/3/1950,17.530001,17.530001,17.530001,17.530001,17.530001
1950,5/1/1950,18.219999,18.219999,18.219999,18.219999,18.219999
1950,6/1/1950,18.77,18.77,18.77,18.77,18.77
1950,7/3/1950,17.639999,17.639999,17.639999,17.639999,17.639999
1950,8/1/1950,18.02,18.02,18.02,18.02,18.02
1950,9/1/1950,18.549999,18.549999,18.549999,18.549999,18.549999
1950,10/2/1950,19.690001,19.690001,19.690001,19.690001,19.690001
1950,11/1/1950,19.559999,19.559999,19.559999,19.559999,19.559999
1950,12/1/1950,19.66,19.66,19.66,19.66,19.66
1951,1/2/1951,20.77,20.77,20.77,20.77,20.77
1951,2/1/1951,21.77,21.77,21.77,21.77,21.77
1951,3/1/1951,21.85,21.85,21.85,21.85,21.85
1951,4/2/1951,21.32,21.32,21.32,21.32,21.32
1951,5/1/1951,22.530001,22.530001,22.530001,22.530001,22.530001
1951,6/1/1951,21.48,21.48,21.48,21.48,21.48
1951,7/2/1951,21.1,21.1,21.1,21.1,21.1
1951,8/1/1951,22.51,22.51,22.51,22.51,22.51
1951,9/4/1951,23.280001,23.280001,23.280001,23.280001,23.280001
1951,10/1/1951,23.469999,23.469999,23.469999,23.469999,23.469999
1951,11/1/1951,23.1,23.1,23.1,23.1,23.1
1951,12/3/1951,23.01,23.01,23.01,23.01,23.01
1952,1/2/1952,23.799999,23.799999,23.799999,23.799999,23.799999
1952,2/1/1952,24.299999,24.299999,24.299999,24.299999,24.299999
1952,3/3/1952,23.290001,23.290001,23.290001,23.290001,23.290001
1952,4/1/1952,24.18,24.18,24.18,24.18,24.18
1952,5/1/1952,23.17,23.17,23.17,23.17,23.17
1952,6/2/1952,23.799999,23.799999,23.799999,23.799999,23.799999
1952,7/1/1952,25.120001,25.120001,25.120001,25.120001,25.120001
1952,8/1/1952,25.450001,25.450001,25.450001,25.450001,25.450001
1952,9/2/1952,25.15,25.15,25.15,25.15,25.15
1952,10/1/1952,24.48,24.48,24.48,24.48,24.48
1952,11/3/1952,24.6,24.6,24.6,24.6,24.6
1952,12/1/1952,25.68,25.68,25.68,25.68,25.68
1953,1/2/1953,26.540001,26.540001,26.540001,26.540001,26.540001
1953,2/2/1953,26.51,26.51,26.51,26.51,26.51
1953,3/2/1953,25.93,25.93,25.93,25.93,25.93
1953,4/1/1953,25.25,25.25,25.25,25.25,25.25
1953,5/1/1953,24.73,24.73,24.73,24.73,24.73
1953,6/1/1953,24.15,24.15,24.15,24.15,24.15
1953,7/1/1953,24.24,24.24,24.24,24.24,24.24
1953,8/3/1953,24.84,24.84,24.84,24.84,24.84
1953,9/1/1953,23.42,23.42,23.42,23.42,23.42
1953,10/1/1953,23.49,23.49,23.49,23.49,23.49
1953,11/2/1953,24.66,24.66,24.66,24.66,24.66
1953,12/1/1953,24.780001,24.780001,24.780001,24.780001,24.780001
1954,1/4/1954,24.950001,24.950001,24.950001,24.950001,24.950001
1954,2/1/1954,25.99,25.99,25.99,25.99,25.99
1954,3/1/1954,26.25,26.25,26.25,26.25,26.25
1954,4/1/1954,27.17,27.17,27.17,27.17,27.17
1954,5/3/1954,28.209999,28.209999,28.209999,28.209999,28.209999
1954,6/1/1954,29.190001,29.190001,29.190001,29.190001,29.190001
1954,7/1/1954,29.209999,29.209999,29.209999,29.209999,29.209999
1954,8/2/1954,30.99,30.99,30.99,30.99,30.99
1954,9/1/1954,30.040001,30.040001,30.040001,30.040001,30.040001
1954,10/1/1954,32.290001,32.290001,32.290001,32.290001,32.290001
1954,11/1/1954,31.790001,31.790001,31.790001,31.790001,31.790001
1954,12/1/1954,33.990002,33.990002,33.990002,33.990002,33.990002
1955,1/3/1955,36.75,36.75,36.75,36.75,36.75
1955,2/1/1955,36.720001,36.720001,36.720001,36.720001,36.720001
1955,3/1/1955,36.830002,36.830002,36.830002,36.830002,36.830002
1955,4/1/1955,36.950001,36.950001,36.950001,36.950001,36.950001
1955,5/2/1955,38.040001,38.040001,38.040001,38.040001,38.040001
1955,6/1/1955,37.959999,37.959999,37.959999,37.959999,37.959999
1955,7/1/1955,41.189999,41.189999,41.189999,41.189999,41.189999
1955,8/1/1955,42.93,42.93,42.93,42.93,42.93
1955,9/1/1955,43.369999,43.369999,43.369999,43.369999,43.369999
1955,10/3/1955,42.490002,42.490002,42.490002,42.490002,42.490002
1955,11/1/1955,42.279999,42.279999,42.279999,42.279999,42.279999
1955,12/1/1955,45.349998,45.349998,45.349998,45.349998,45.349998
1956,1/3/1956,45.16,45.16,45.16,45.16,45.16
1956,2/1/1956,44.029999,44.029999,44.029999,44.029999,44.029999
1956,3/1/1956,45.540001,45.540001,45.540001,45.540001,45.540001
1956,4/2/1956,48.700001,48.700001,48.700001,48.700001,48.700001
1956,5/1/1956,48.16,48.16,48.16,48.16,48.16
1956,6/1/1956,45.580002,45.580002,45.580002,45.580002,45.580002
1956,7/2/1956,46.93,46.93,46.93,46.93,46.93
1956,8/1/1956,49.619999,49.619999,49.619999,49.619999,49.619999
1956,9/4/1956,47.889999,47.889999,47.889999,47.889999,47.889999
1956,10/1/1956,44.700001,44.700001,44.700001,44.700001,44.700001
1956,11/1/1956,46.52,46.52,46.52,46.52,46.52
1956,12/3/1956,45.98,45.98,45.98,45.98,45.98
1957,1/2/1957,46.200001,46.200001,46.200001,46.200001,46.200001
1957,2/1/1957,44.619999,44.619999,44.619999,44.619999,44.619999
1957,3/1/1957,43.740002,43.740002,43.740002,43.740002,43.740002
1957,4/1/1957,44.139999,44.139999,44.139999,44.139999,44.139999
1957,5/1/1957,46.02,46.02,46.02,46.02,46.02
1957,6/3/1957,47.369999,47.369999,47.369999,47.369999,47.369999
1957,7/1/1957,47.43,47.43,47.43,47.43,47.43
1957,8/1/1957,47.790001,47.790001,47.790001,47.790001,47.790001
1957,9/3/1957,45.439999,45.439999,45.439999,45.439999,45.439999
1957,10/1/1957,42.759998,42.759998,42.759998,42.759998,42.759998
1957,11/1/1957,40.439999,40.439999,40.439999,40.439999,40.439999
1957,12/2/1957,41.360001,41.360001,41.360001,41.360001,41.360001
1958,1/2/1958,40.330002,40.330002,40.330002,40.330002,40.330002
1958,2/3/1958,42.040001,42.040001,42.040001,42.040001,42.040001
1958,3/3/1958,41.130001,41.130001,41.130001,41.130001,41.130001
1958,4/1/1958,41.93,41.93,41.93,41.93,41.93
1958,5/1/1958,43.540001,43.540001,43.540001,43.540001,43.540001
1958,6/2/1958,44.310001,44.310001,44.310001,44.310001,44.310001
1958,7/1/1958,45.279999,45.279999,45.279999,45.279999,45.279999
1958,8/1/1958,47.490002,47.490002,47.490002,47.490002,47.490002
1958,9/2/1958,48,48,48,48,48
1958,10/1/1958,49.98,49.98,49.98,49.98,49.98
1958,11/3/1958,51.560001,51.560001,51.560001,51.560001,51.560001
1958,12/1/1958,52.689999,52.689999,52.689999,52.689999,52.689999
1959,1/2/1959,55.439999,55.439999,55.439999,55.439999,55.439999
1959,2/2/1959,55.209999,55.209999,55.209999,55.209999,55.209999
1959,3/2/1959,55.73,55.73,55.73,55.73,55.73
1959,4/1/1959,55.689999,55.689999,55.689999,55.689999,55.689999
1959,5/1/1959,57.650002,57.650002,57.650002,57.650002,57.650002
1959,6/1/1959,58.630001,58.630001,58.630001,58.630001,58.630001
1959,7/1/1959,58.970001,58.970001,58.970001,58.970001,58.970001
1959,8/3/1959,60.709999,60.709999,60.709999,60.709999,60.709999
1959,9/1/1959,58.869999,58.869999,58.869999,58.869999,58.869999
1959,10/1/1959,56.939999,56.939999,56.939999,56.939999,56.939999
1959,11/2/1959,57.41,57.41,57.41,57.41,57.41
1959,12/1/1959,58.700001,58.700001,58.700001,58.700001,58.700001
1960,1/4/1960,59.91,59.91,59.91,59.91,59.91
1960,2/1/1960,55.959999,55.959999,55.959999,55.959999,55.959999
1960,3/1/1960,56.009998,56.009998,56.009998,56.009998,56.009998
1960,4/1/1960,55.43,55.43,55.43,55.43,55.43
1960,5/2/1960,54.130001,54.130001,54.130001,54.130001,54.130001
1960,6/1/1960,55.889999,55.889999,55.889999,55.889999,55.889999
1960,7/1/1960,57.060001,57.060001,57.060001,57.060001,57.060001
1960,8/1/1960,55.529999,55.529999,55.529999,55.529999,55.529999
1960,9/1/1960,57.09,57.09,57.09,57.09,57.09
1960,10/3/1960,53.360001,53.360001,53.360001,53.360001,53.360001
1960,11/1/1960,53.939999,53.939999,53.939999,53.939999,53.939999
1960,12/1/1960,55.299999,55.299999,55.299999,55.299999,55.299999
1961,1/3/1961,57.57,57.57,57.57,57.57,57.57
1961,2/1/1961,61.900002,61.900002,61.900002,61.900002,61.900002
1961,3/1/1961,63.43,63.43,63.43,63.43,63.43
1961,4/3/1961,65.599998,65.599998,65.599998,65.599998,65.599998
1961,5/1/1961,65.169998,65.169998,65.169998,65.169998,65.169998
1961,6/1/1961,66.559998,66.559998,66.559998,66.559998,66.559998
1961,7/3/1961,65.209999,65.209999,65.209999,65.209999,65.209999
1961,8/1/1961,67.370003,67.370003,67.370003,67.370003,67.370003
1961,9/1/1961,68.190002,68.190002,68.190002,68.190002,68.190002
1961,10/2/1961,66.769997,66.769997,66.769997,66.769997,66.769997
1961,11/1/1961,68.730003,68.730003,68.730003,68.730003,68.730003
1961,12/1/1961,71.779999,71.779999,71.779999,71.779999,71.779999
1962,1/2/1962,71.550003,71.959999,70.709999,70.959999,70.959999
1962,2/1/1962,68.839996,69.650002,68.559998,69.260002,69.260002
1962,3/1/1962,69.959999,70.599998,69.760002,70.199997,70.199997
1962,4/2/1962,69.550003,69.82,69.129997,69.370003,69.370003
1962,5/1/1962,65.239998,65.940002,63.759998,65.699997,65.699997
1962,6/1/1962,59.630001,59.959999,58.52,59.380001,59.380001
1962,7/2/1962,54.75,56.02,54.470001,55.860001,55.860001
1962,8/1/1962,58.23,58.299999,57.509998,57.75,57.75
1962,9/4/1962,59.119999,59.490002,58.439999,58.560001,58.560001
1962,10/1/1962,56.27,56.310001,55.259998,55.490002,55.490002
1962,11/1/1962,56.52,57.310001,55.900002,57.119999,57.119999
1962,12/3/1962,62.259998,62.450001,61.279999,61.939999,61.939999
1963,1/2/1963,63.099998,63.389999,62.32,62.689999,62.689999
1963,2/1/1963,66.309998,66.309998,66.309998,66.309998,66.309998
1963,3/1/1963,64.290001,64.75,63.799999,64.099998,64.099998
1963,4/1/1963,66.57,67.18,66.230003,66.849998,66.849998
1963,5/1/1963,69.800003,70.43,69.610001,69.970001,69.970001
1963,6/3/1963,70.800003,71.239998,70.389999,70.690002,70.690002
1963,7/1/1963,69.370003,69.529999,68.580002,68.860001,68.860001
1963,8/1/1963,69.129997,69.470001,68.639999,69.07,69.07
1963,9/3/1963,72.5,73.089996,72.300003,72.660004,72.660004
1963,10/1/1963,71.699997,72.650002,71.57,72.220001,72.220001
1963,11/1/1963,74.010002,74.440002,73.470001,73.830002,73.830002
1963,12/2/1963,73.230003,74.080002,73.019997,73.660004,73.660004
1964,1/2/1964,75.019997,75.790001,74.82,75.43,75.43
1964,2/3/1964,77.040001,77.550003,76.529999,76.970001,76.970001
1964,3/2/1964,77.800003,78.379997,77.5,77.970001,77.970001
1964,4/1/1964,78.980003,79.580002,78.669998,79.239998,79.239998
1964,5/1/1964,79.459999,80.470001,79.459999,80.169998,80.169998
1964,6/1/1964,80.370003,80.830002,79.830002,80.110001,80.110001
1964,7/1/1964,81.690002,82.510002,81.459999,82.269997,82.269997
1964,8/3/1964,83.18,83.489998,82.650002,83,83
1964,9/1/1964,81.830002,82.5,81.57,82.18,82.18
1964,10/1/1964,84.18,84.529999,83.739998,84.080002,84.080002
1964,11/2/1964,84.860001,85.540001,84.510002,85.18,85.18
1964,12/1/1964,84.419998,84.559998,83.360001,83.550003,83.550003
1965,1/4/1965,84.75,85.150002,83.769997,84.230003,84.230003
1965,2/1/1965,87.559998,88.010002,87.050003,87.580002,87.580002
1965,3/1/1965,87.43,87.93,86.919998,87.25,87.25
1965,4/1/1965,86.160004,86.730003,85.870003,86.32,86.32
1965,5/3/1965,89.110001,89.68,88.620003,89.230003,89.230003
1965,6/1/1965,88.419998,88.800003,87.879997,88.720001,88.720001
1965,7/1/1965,84.120003,84.639999,83.57,84.480003,84.480003
1965,8/2/1965,85.25,85.870003,84.870003,85.419998,85.419998
1965,9/1/1965,87.169998,87.629997,86.690002,87.169998,87.169998
1965,10/1/1965,89.959999,90.480003,89.300003,89.900002,89.900002
1965,11/1/1965,92.419998,92.919998,91.730003,92.230003,92.230003
1965,12/1/1965,91.610001,92.260002,91.019997,91.5,91.5
1966,1/3/1966,92.43,92.870003,91.629997,92.18,92.18
1966,2/1/1966,92.879997,93.360001,91.610001,92.160004,92.160004
1966,3/1/1966,91.220001,91.650002,89.760002,90.059998,90.059998
1966,4/1/1966,89.230003,90.370003,88.959999,89.940002,89.940002
1966,5/2/1966,91.059998,91.75,90.43,90.900002,90.900002
1966,6/1/1966,86.129997,86.650002,85.279999,86.099998,86.099998
1966,7/1/1966,84.739998,86.080002,84.739998,85.610001,85.610001
1966,8/1/1966,83.5,83.5,81.980003,82.309998,82.309998
1966,9/1/1966,77.099998,78.5,76.660004,77.699997,77.699997
1966,10/3/1966,76.559998,76.980003,74.709999,74.900002,74.900002
1966,11/1/1966,80.199997,81.18,79.790001,80.809998,80.809998
1966,12/1/1966,80.449997,81.040001,79.660004,80.080002,80.080002
1967,1/3/1967,80.330002,81.610001,79.589996,80.379997,80.379997
1967,2/1/1967,86.610001,87.040001,85.68,86.43,86.43
1967,3/1/1967,86.779999,88.360001,86.669998,87.68,87.68
1967,4/3/1967,90.199997,90.370003,88.760002,89.239998,89.239998
1967,5/1/1967,94.010002,94.599998,93.080002,93.839996,93.839996
1967,6/1/1967,89.080002,90.760002,88.809998,90.230003,90.230003
1967,7/3/1967,90.639999,91.32,90.120003,90.910004,90.910004
1967,8/1/1967,94.75,95.839996,94.199997,95.370003,95.370003
1967,9/1/1967,93.639999,94.209999,93,93.68,93.68
1967,10/2/1967,96.709999,97.25,95.82,96.32,96.32
1967,11/1/1967,93.300003,94.209999,92.449997,92.709999,92.709999
1967,12/1/1967,94,94.949997,93.410004,94.5,94.5
1968,1/2/1968,96.470001,97.330002,95.309998,96.110001,96.110001
1968,2/1/1968,92.239998,93.139999,91.57,92.559998,92.559998
1968,3/1/1968,89.360001,89.82,88.580002,89.110001,89.110001
1968,4/1/1968,91.110001,93.550003,91.110001,92.480003,92.480003
1968,5/1/1968,97.459999,98.610001,96.839996,97.970001,97.970001
1968,6/3/1968,98.720001,100.620003,98.720001,99.989998,99.989998
1968,7/1/1968,99.580002,100.330002,98.769997,99.400002,99.400002
1968,8/1/1968,97.739998,98.82,96.779999,97.279999,97.279999
1968,9/3/1968,98.860001,99.889999,98.309998,99.32,99.32
1968,10/1/1968,102.669998,103.580002,101.800003,102.860001,102.860001
1968,11/1/1968,103.410004,104.300003,102.360001,103.059998,103.059998
1968,12/2/1968,108.370003,109.370003,107.150002,108.120003,108.120003
1969,1/2/1969,103.860001,104.849998,103.209999,103.93,103.93
1969,2/3/1969,103.010002,103.75,102.040001,102.889999,102.889999
1969,3/3/1969,98.129997,99.080002,97.610001,98.379997,98.379997
1969,4/1/1969,101.510002,102.449997,100.839996,101.419998,101.419998
1969,5/1/1969,103.690002,104.589996,102.739998,103.510002,103.510002
1969,6/2/1969,103.459999,103.75,102.400002,102.940002,102.940002
1969,7/1/1969,97.709999,98.660004,97.129997,98.080002,98.080002
1969,8/1/1969,91.919998,94.190002,91.919998,93.470001,93.470001
1969,9/2/1969,95.510002,96.309998,94.849998,95.540001,95.540001
1969,10/1/1969,93.120003,93.510002,92.120003,92.519997,92.519997
1969,11/3/1969,97.120003,97.82,96.190002,97.150002,97.150002
1969,12/1/1969,93.809998,94.470001,92.779999,93.220001,93.220001
1970,1/2/1970,92.059998,93.540001,91.790001,93,93
1970,2/2/1970,85.019997,86.760002,84.760002,85.75,85.75
1970,3/2/1970,89.5,90.800003,88.919998,89.709999,89.709999
1970,4/1/1970,89.629997,90.620003,89.300003,90.07,90.07
1970,5/1/1970,81.519997,82.32,80.269997,81.440002,81.440002
1970,6/1/1970,76.550003,78.400002,75.839996,77.839996,77.839996
1970,7/1/1970,72.720001,73.660004,72.110001,72.940002,72.940002
1970,8/3/1970,78.050003,78.239998,76.559998,77.019997,77.019997
1970,9/1/1970,81.519997,81.800003,80.43,80.949997,80.949997
1970,10/1/1970,84.300003,84.699997,83.459999,84.32,84.32
1970,11/2/1970,83.25,83.989998,82.660004,83.510002,83.510002
1970,12/1/1970,87.199997,88.610001,86.110001,87.470001,87.470001
1971,1/4/1971,92.150002,92.190002,90.639999,91.150002,91.150002
1971,2/1/1971,95.879997,97.050003,95.379997,96.419998,96.419998
1971,3/1/1971,96.75,97.480003,96.110001,97,97
1971,4/1/1971,100.309998,100.989998,99.629997,100.389999,100.389999
1971,5/3/1971,103.949997,104.110001,102.370003,103.290001,103.290001
1971,6/1/1971,99.629997,100.760002,99.220001,100.199997,100.199997
1971,7/1/1971,99.160004,100.650002,99.160004,99.779999,99.779999
1971,8/2/1971,95.580002,96.760002,95.220001,95.959999,95.959999
1971,9/1/1971,99.029999,99.839996,98.5,99.07,99.07
1971,10/1/1971,98.339996,99.489998,97.959999,98.93,98.93
1971,11/1/1971,94.230003,94.43,92.480003,92.800003,92.800003
1971,12/1/1971,93.989998,96.120003,93.949997,95.440002,95.440002
1972,1/3/1972,102.089996,102.849998,101.190002,101.669998,101.669998
1972,2/1/1972,103.940002,104.57,103.099998,104.010002,104.010002
1972,3/1/1972,106.57,108.129997,106.209999,107.349998,107.349998
1972,4/3/1972,107.199997,108.260002,106.75,107.480003,107.480003
1972,5/1/1972,107.669998,108,106.300003,106.690002,106.690002
1972,6/1/1972,109.529999,110.349998,108.970001,109.690002,109.690002
1972,7/3/1972,107.139999,107.949997,106.720001,107.489998,107.489998
1972,8/1/1972,107.389999,108.849998,107.059998,108.400002,108.400002
1972,9/1/1972,111.089996,112.120003,110.699997,111.510002,111.510002
1972,10/2/1972,110.550003,110.980003,109.489998,110.160004,110.160004
1972,11/1/1972,111.580002,113.309998,111.32,112.669998,112.669998
1972,12/1/1972,116.669998,118.18,116.290001,117.379997,117.379997
1973,1/2/1973,118.059998,119.900002,118.059998,119.099998,119.099998
1973,2/1/1973,116.029999,117.010002,114.260002,114.760002,114.760002
1973,3/1/1973,111.68,112.980003,110.68,111.050003,111.050003
1973,4/2/1973,111.519997,111.699997,109.68,110.18,110.18
1973,5/1/1973,106.970001,108,105.339996,107.099998,107.099998
1973,6/1/1973,104.949997,105.040001,103.309998,103.93,103.93
1973,7/2/1973,104.099998,104.099998,102.440002,102.900002,102.900002
1973,8/1/1973,108.169998,108.169998,106.290001,106.830002,106.830002
1973,9/4/1973,104.25,105.349998,103.599998,104.510002,104.510002
1973,10/1/1973,108.43,108.980003,107.080002,108.209999,108.209999
1973,11/1/1973,108.290001,109.199997,106.879997,107.690002,107.690002
1973,12/3/1973,95.830002,95.830002,92.919998,93.900002,93.900002
1974,1/2/1974,97.550003,98.379997,96.25,97.68,97.68
1974,2/1/1974,96.57,96.629997,94.660004,95.32,95.32
1974,3/1/1974,96.220001,96.400002,94.809998,95.529999,95.529999
1974,4/1/1974,93.980003,94.68,92.82,93.25,93.25
1974,5/1/1974,90.309998,93.029999,89.82,92.220001,92.220001
1974,6/3/1974,87.279999,89.400002,86.779999,89.099998,89.099998
1974,7/1/1974,86,86.889999,85.32,86.019997,86.019997
1974,8/1/1974,79.309998,80.019997,77.970001,78.75,78.75
1974,9/3/1974,72.150002,73.010002,70.279999,70.519997,70.519997
1974,10/1/1974,63.540001,64.370003,61.75,63.389999,63.389999
1974,11/1/1974,73.900002,74.849998,72.68,73.879997,73.879997
1974,12/2/1974,69.800003,69.800003,67.809998,68.110001,68.110001
1975,1/2/1975,68.650002,70.919998,68.650002,70.230003,70.230003
1975,2/3/1975,76.980003,78.550003,76.360001,77.82,77.82
1975,3/3/1975,81.589996,83.459999,81.32,83.029999,83.029999
1975,4/1/1975,83.360001,83.589996,81.980003,82.639999,82.639999
1975,5/1/1975,87.300003,89.099998,86.940002,88.099998,88.099998
1975,6/2/1975,91.32,93.410004,91.32,92.580002,92.580002
1975,7/1/1975,95.190002,95.730003,94.129997,94.849998,94.849998
1975,8/1/1975,88.75,89.040001,87.459999,87.989998,87.989998
1975,9/2/1975,86.879997,87.419998,85.209999,85.480003,85.480003
1975,10/1/1975,83.870003,85.449997,82.57,82.93,82.93
1975,11/3/1975,89.040001,89.209999,87.779999,88.089996,88.089996
1975,12/1/1975,91.239998,91.900002,90.330002,90.669998,90.669998
1976,1/2/1976,90.190002,91.18,89.809998,90.900002,90.900002
1976,2/2/1976,100.860001,101.389999,99.739998,100.870003,100.870003
1976,3/1/1976,99.709999,100.639999,98.669998,100.019997,100.019997
1976,4/1/1976,102.769997,103.239998,101.5,102.239998,102.239998
1976,5/3/1976,101.639999,101.730003,100.139999,100.919998,100.919998
1976,6/1/1976,100.18,100.739998,99.360001,99.849998,99.849998
1976,7/1/1976,104.279999,104.980003,103.139999,103.589996,103.589996
1976,8/2/1976,103.440002,103.980003,102.639999,103.190002,103.190002
1976,9/1/1976,102.910004,104.300003,102.599998,104.059998,104.059998
1976,10/1/1976,105.239998,105.75,103.599998,104.169998,104.169998
1976,11/1/1976,102.900002,103.779999,102.190002,103.099998,103.099998
1976,12/1/1976,102.099998,103.029999,101.620003,102.489998,102.489998
1977,1/3/1977,107.459999,107.970001,106.419998,107,107
1977,2/1/1977,102.029999,103.059998,101.57,102.540001,102.540001
1977,3/1/1977,99.82,101.029999,99.650002,100.660004,100.660004
1977,4/1/1977,98.419998,99.57,98.379997,99.209999,99.209999
1977,5/2/1977,98.440002,99.260002,97.970001,98.93,98.93
1977,6/1/1977,96.120003,97.269997,95.889999,96.93,96.93
1977,7/1/1977,100.480003,100.760002,99.629997,100.099998,100.099998
1977,8/1/1977,98.849998,99.839996,98.459999,99.120003,99.120003
1977,9/1/1977,96.769997,97.540001,96.349998,96.830002,96.830002
1977,10/3/1977,96.529999,97.110001,95.860001,96.739998,96.739998
1977,11/1/1977,92.190002,92.190002,91,91.349998,91.349998
1977,12/1/1977,94.830002,95.449997,94.230003,94.690002,94.690002
1978,1/3/1978,95.099998,95.150002,93.489998,93.82,93.82
1978,2/1/1978,89.25,90.239998,88.82,89.93,89.93
1978,3/1/1978,87.040001,87.629997,86.449997,87.190002,87.190002
1978,4/3/1978,89.199997,89.199997,88.07,88.459999,88.459999
1978,5/1/1978,96.830002,98.300003,96.410004,97.669998,97.669998
1978,6/1/1978,97.239998,97.949997,96.629997,97.349998,97.349998
1978,7/3/1978,95.529999,95.650002,94.620003,95.089996,95.089996
1978,8/1/1978,100.68,101.459999,99.949997,100.660004,100.660004
1978,9/1/1978,103.290001,104.269997,102.730003,103.68,103.68
1978,10/2/1978,102.540001,103.419998,102.129997,102.959999,102.959999
1978,11/1/1978,94.129997,97.410004,94.129997,96.849998,96.849998
1978,12/1/1978,95.010002,96.690002,95.010002,96.279999,96.279999
1979,1/2/1979,96.110001,96.959999,95.220001,96.730003,96.730003
1979,2/1/1979,99.93,100.379997,99.010002,99.959999,99.959999
1979,3/1/1979,96.279999,97.279999,95.980003,96.900002,96.900002
1979,4/2/1979,101.559998,101.559998,100.139999,100.900002,100.900002
1979,5/1/1979,101.760002,102.5,101.220001,101.68,101.68
1979,6/1/1979,99.080002,99.699997,98.57,99.169998,99.169998
1979,7/2/1979,102.910004,103,101.449997,101.989998,101.989998
1979,8/1/1979,103.809998,104.57,103.139999,104.169998,104.169998
1979,9/4/1979,109.32,109.410004,107.220001,107.440002,107.440002
1979,10/1/1979,109.190002,109.190002,107.699997,108.559998,108.559998
1979,11/1/1979,101.82,103.07,101.099998,102.57,102.57
1979,12/3/1979,106.160004,106.650002,105.07,105.830002,105.830002
1980,1/2/1980,107.940002,108.43,105.290001,105.760002,105.760002
1980,2/1/1980,114.160004,115.540001,113.129997,115.120003,115.120003
1980,3/3/1980,113.660004,114.339996,112.010002,112.5,112.5
1980,4/1/1980,102.089996,103.279999,100.849998,102.18,102.18
1980,5/1/1980,106.290001,106.860001,104.720001,105.459999,105.459999
1980,6/2/1980,111.239998,112.150002,110.059998,110.760002,110.760002
1980,7/1/1980,114.239998,115.449997,113.540001,114.93,114.93
1980,8/1/1980,121.669998,122.379997,120.080002,121.209999,121.209999
1980,9/2/1980,122.379997,124.360001,121.790001,123.739998,123.739998
1980,10/1/1980,125.459999,127.879997,124.660004,127.129997,127.129997
1980,11/3/1980,127.470001,129.850006,127.230003,129.039993,129.039993
1980,12/1/1980,140.520004,140.660004,136.75,137.210007,137.210007
1981,1/2/1981,135.759995,137.100006,134.610001,136.339996,136.339996
1981,2/2/1981,129.479996,129.479996,125.82,126.910004,126.910004
1981,3/2/1981,131.270004,132.960007,130.149994,132.009995,132.009995
1981,4/1/1981,136,137.559998,135.039993,136.570007,136.570007
1981,5/1/1981,132.809998,134.169998,131.429993,132.720001,132.720001
1981,6/1/1981,132.589996,134.619995,131.490005,132.410004,132.410004
1981,7/1/1981,131.210007,131.690002,129.039993,129.770004,129.770004
1981,8/3/1981,130.919998,131.740005,129.419998,130.479996,130.479996
1981,9/1/1981,122.790001,123.919998,121.589996,123.019997,123.019997
1981,10/1/1981,116.18,117.660004,115,117.080002,117.080002
1981,11/2/1981,122.349998,125.139999,122.349998,124.199997,124.199997
1981,12/1/1981,126.349998,127.300003,124.839996,126.099998,126.099998
1982,1/4/1982,122.550003,123.720001,121.480003,122.739998,122.739998
1982,2/1/1982,119.809998,119.809998,117.139999,117.779999,117.779999
1982,3/1/1982,113.110001,114.32,111.860001,113.309998,113.309998
1982,4/1/1982,111.959999,114.220001,111.480003,113.790001,113.790001
1982,5/3/1982,115.959999,116.82,115.910004,116.82,116.82
1982,6/1/1982,111.970001,112.07,111.660004,111.68,111.68
1982,7/1/1982,109.519997,109.629997,108.620003,108.709999,108.709999
1982,8/2/1982,107.709999,109.089996,107.110001,108.980003,108.980003
1982,9/1/1982,119.519997,120.050003,117.980003,118.25,118.25
1982,10/1/1982,120.400002,121.970001,120.150002,121.970001,121.970001
1982,11/1/1982,133.720001,136.029999,133.220001,135.470001,135.470001
1982,12/1/1982,138.559998,140.369995,138.350006,138.720001,138.720001
1983,1/3/1983,140.649994,141.330002,138.199997,138.339996,138.339996
1983,2/1/1983,145.289993,145.289993,142.960007,142.960007,142.960007
1983,3/1/1983,148.070007,150.880005,148.070007,150.880005,150.880005
1983,4/4/1983,152.919998,153.020004,152.229996,153.020004,153.020004
1983,5/2/1983,164.410004,164.419998,161.990005,162.110001,162.110001
1983,6/1/1983,162.380005,162.639999,161.330002,162.550003,162.550003
1983,7/1/1983,168.110001,168.639999,167.770004,168.639999,168.639999
1983,8/1/1983,162.339996,162.779999,161.550003,162.039993,162.039993
1983,9/1/1983,164.399994,164.660004,163.949997,164.229996,164.229996
1983,10/3/1983,165.990005,166.070007,164.929993,165.809998,165.809998
1983,11/1/1983,163.550003,163.660004,162.369995,163.660004,163.660004
1983,12/1/1983,166.369995,166.770004,166.080002,166.490005,166.490005
1984,1/3/1984,164.929993,164.929993,163.979996,164.039993,164.039993
1984,2/1/1984,163.410004,164,162.270004,162.740005,162.740005
1984,3/1/1984,157.059998,158.190002,156.770004,158.190002,158.190002
1984,4/2/1984,159.179993,159.869995,157.630005,157.979996,157.979996
1984,5/1/1984,160.050003,161.690002,160.050003,161.679993,161.679993
1984,6/1/1984,150.550003,153.240005,150.550003,153.240005,153.240005
1984,7/2/1984,153.160004,153.220001,152.440002,153.199997,153.199997
1984,8/1/1984,150.660004,154.080002,150.660004,154.080002,154.080002
1984,9/4/1984,166.679993,166.679993,164.729996,164.880005,164.880005
1984,10/1/1984,166.100006,166.100006,164.479996,164.619995,164.619995
1984,11/1/1984,166.089996,167.830002,166.089996,167.490005,167.490005
1984,12/3/1984,163.580002,163.580002,162.289993,162.820007,162.820007
1985,1/2/1985,167.199997,167.199997,165.190002,165.369995,165.369995
1985,2/1/1985,179.630005,179.630005,178.440002,178.630005,178.630005
1985,3/1/1985,181.179993,183.889999,181.160004,183.229996,183.229996
1985,4/1/1985,180.660004,181.270004,180.429993,181.270004,181.270004
1985,5/1/1985,179.830002,180.039993,178.350006,178.369995,178.369995
1985,6/3/1985,189.550003,190.360001,188.929993,189.320007,189.320007
1985,7/1/1985,191.850006,192.429993,191.169998,192.429993,192.429993
1985,8/1/1985,190.919998,192.169998,190.910004,192.110001,192.110001
1985,9/3/1985,188.630005,188.630005,187.380005,187.910004,187.910004
1985,10/1/1985,182.059998,185.080002,182.020004,185.070007,185.070007
1985,11/1/1985,189.820007,191.529999,189.369995,191.529999,191.529999
1985,12/2/1985,202.169998,202.190002,200.199997,200.460007,200.460007
1986,1/2/1986,211.279999,211.279999,208.929993,209.589996,209.589996
1986,2/3/1986,211.779999,214.179993,211.600006,213.960007,213.960007
1986,3/3/1986,226.919998,226.919998,224.410004,225.419998,225.419998
1986,4/1/1986,238.899994,239.100006,234.570007,235.139999,235.139999
1986,5/1/1986,235.520004,236.009995,234.210007,235.160004,235.160004
1986,6/2/1986,246.039993,247.740005,243.830002,245.039993,245.039993
1986,7/1/1986,250.669998,252.039993,250.529999,252.039993,252.039993
1986,8/1/1986,236.119995,236.889999,234.589996,234.910004,234.910004
1986,9/2/1986,252.929993,253.300003,248.139999,248.520004,248.520004
1986,10/1/1986,231.320007,234.619995,231.320007,233.600006,233.600006
1986,11/3/1986,243.970001,245.800003,243.929993,245.800003,245.800003
1986,12/1/1986,249.220001,249.220001,245.720001,249.050003,249.050003
1987,1/2/1987,242.169998,246.449997,242.169998,246.449997,246.449997
1987,2/2/1987,274.079987,277.350006,273.160004,276.450012,276.450012
1987,3/2/1987,284.170013,284.829987,282.299988,283,283
1987,4/1/1987,291.589996,292.380005,288.339996,292.380005,292.380005
1987,5/1/1987,286.98999,289.709991,286.519989,288.029999,288.029999
1987,6/1/1987,290.119995,291.959991,289.230011,289.829987,289.829987
1987,7/1/1987,303.98999,304,302.529999,302.940002,302.940002
1987,8/3/1987,318.619995,320.26001,316.519989,317.570007,317.570007
1987,9/1/1987,329.809998,332.179993,322.829987,323.399994,323.399994
1987,10/1/1987,321.829987,327.339996,321.829987,327.329987,327.329987
1987,11/2/1987,251.729996,255.75,249.149994,255.75,255.75
1987,12/1/1987,230.320007,234.020004,230.300003,232,232
1988,1/4/1988,247.100006,256.440002,247.080002,255.940002,255.940002
1988,2/1/1988,257.049988,258.269989,254.929993,255.039993,255.039993
1988,3/1/1988,267.820007,267.950012,265.390015,267.220001,267.220001
1988,4/4/1988,258.890015,259.059998,255.679993,256.089996,256.089996
1988,5/2/1988,261.359985,261.559998,259.98999,261.559998,261.559998
1988,6/1/1988,262.160004,267.429993,262.100006,266.690002,266.690002
1988,7/1/1988,273.5,273.799988,270.779999,271.779999,271.779999
1988,8/1/1988,272.029999,272.799988,271.209991,272.209991,272.209991
1988,9/1/1988,261.519989,261.519989,256.980011,258.350006,258.350006
1988,10/3/1988,271.890015,271.910004,268.839996,271.380005,271.380005
1988,11/1/1988,278.970001,279.570007,278.01001,279.059998,279.059998
1988,12/1/1988,273.679993,273.700012,272.269989,272.48999,272.48999
1989,1/3/1989,277.720001,277.720001,273.809998,275.309998,275.309998
1989,2/1/1989,297.470001,298.329987,296.220001,297.089996,297.089996
1989,3/1/1989,288.859985,290.279999,286.459991,287.109985,287.109985
1989,4/3/1989,294.869995,297.040009,294.619995,296.390015,296.390015
1989,5/1/1989,309.640015,309.640015,307.399994,309.119995,309.119995
1989,6/1/1989,320.51001,322.570007,320.01001,321.970001,321.970001
1989,7/3/1989,317.980011,319.269989,317.269989,319.230011,319.230011
1989,8/1/1989,346.079987,347.98999,342.929993,343.75,343.75
1989,9/1/1989,351.450012,353.899994,350.880005,353.730011,353.730011
1989,10/2/1989,349.149994,350.98999,348.350006,350.869995,350.869995
1989,11/1/1989,340.359985,341.73999,339.790009,341.200012,341.200012
1989,12/1/1989,346.01001,351.880005,345.98999,350.630005,350.630005
1990,1/2/1990,353.399994,359.690002,351.980011,359.690002,359.690002
1990,2/1/1990,329.079987,329.859985,327.76001,328.790009,328.790009
1990,3/1/1990,331.890015,334.399994,331.079987,332.73999,332.73999
1990,4/2/1990,339.940002,339.940002,336.329987,338.700012,338.700012
1990,5/1/1990,330.799988,332.829987,330.799988,332.25,332.25
1990,6/1/1990,361.26001,363.519989,361.209991,363.160004,363.160004
1990,7/2/1990,358.019989,359.579987,357.540009,359.540009,359.540009
1990,8/1/1990,356.149994,357.350006,353.820007,355.519989,355.519989
1990,9/4/1990,322.559998,323.089996,319.109985,323.089996,323.089996
1990,10/1/1990,306.100006,314.940002,306.100006,314.940002,314.940002
1990,11/1/1990,303.98999,307.269989,301.609985,307.019989,307.019989
1990,12/3/1990,322.230011,324.899994,322.230011,324.100006,324.100006
1991,1/2/1991,330.200012,330.75,326.450012,326.450012,326.450012
1991,2/1/1991,343.910004,344.899994,340.369995,343.049988,343.049988
1991,3/1/1991,367.070007,370.470001,363.730011,370.470001,370.470001
1991,4/1/1991,375.220001,375.220001,370.269989,371.299988,371.299988
1991,5/1/1991,375.350006,380.459991,375.269989,380.290009,380.290009
1991,6/3/1991,389.809998,389.809998,386.970001,388.059998,388.059998
1991,7/1/1991,371.179993,377.920013,371.179993,377.920013,377.920013
1991,8/1/1991,387.809998,387.950012,386.480011,387.119995,387.119995
1991,9/3/1991,395.429993,397.619995,392.100006,392.149994,392.149994
1991,10/1/1991,387.859985,389.559998,387.859985,389.200012,389.200012
1991,11/1/1991,392.459991,395.100006,389.670013,391.320007,391.320007
1991,12/2/1991,375.109985,381.399994,371.359985,381.399994,381.399994
1992,1/2/1992,417.029999,417.269989,411.040009,417.26001,417.26001
1992,2/3/1992,408.790009,409.950012,407.450012,409.529999,409.529999
1992,3/2/1992,412.679993,413.73999,411.519989,412.450012,412.450012
1992,4/1/1992,403.670013,404.5,400.75,404.230011,404.230011
1992,5/1/1992,414.950012,415.209991,409.869995,412.529999,412.529999
1992,6/1/1992,415.350006,417.299988,412.440002,417.299988,417.299988
1992,7/1/1992,408.200012,412.880005,408.200012,412.880005,412.880005
1992,8/3/1992,424.190002,425.089996,422.839996,425.089996,425.089996
1992,9/1/1992,414.029999,416.070007,413.350006,416.070007,416.070007
1992,10/1/1992,417.799988,418.670013,415.459991,416.290009,416.290009
1992,11/2/1992,418.660004,422.75,418.119995,422.75,422.75
1992,12/1/1992,431.350006,431.470001,429.200012,430.779999,430.779999
1993,1/4/1993,435.700012,437.320007,434.480011,435.380005,435.380005
1993,2/1/1993,438.779999,442.519989,438.779999,442.519989,442.519989
1993,3/1/1993,443.380005,444.179993,441.339996,442.01001,442.01001
1993,4/1/1993,451.670013,452.630005,449.600006,450.299988,450.299988
1993,5/3/1993,440.190002,442.589996,438.25,442.459991,442.459991
1993,6/1/1993,450.230011,455.630005,450.230011,453.829987,453.829987
1993,7/1/1993,450.540009,451.149994,448.709991,449.019989,449.019989
1993,8/2/1993,448.130005,450.149994,448.029999,450.149994,450.149994
1993,9/1/1993,463.549988,463.799988,461.769989,463.149994,463.149994
1993,10/1/1993,458.929993,461.480011,458.350006,461.279999,461.279999
1993,11/1/1993,467.829987,469.109985,467.329987,469.100006,469.100006
1993,12/1/1993,461.929993,464.470001,461.630005,461.890015,461.890015
1994,1/3/1994,466.51001,466.940002,464.359985,465.440002,465.440002
1994,2/1/1994,481.600006,481.640015,479.179993,479.619995,479.619995
1994,3/1/1994,467.190002,467.429993,462.019989,464.440002,464.440002
1994,4/4/1994,445.660004,445.660004,435.859985,438.920013,438.920013
1994,5/2/1994,450.910004,453.570007,449.049988,453.019989,453.019989
1994,6/1/1994,456.5,458.290009,453.98999,457.630005,457.630005
1994,7/1/1994,444.269989,446.450012,443.579987,446.200012,446.200012
1994,8/1/1994,458.279999,461.01001,458.079987,461.01001,461.01001
1994,9/1/1994,475.48999,475.48999,471.73999,473.170013,473.170013
1994,10/3/1994,462.690002,463.309998,460.329987,461.73999,461.73999
1994,11/1/1994,472.26001,472.26001,467.640015,468.420013,468.420013
1994,12/1/1994,453.549988,453.910004,447.970001,448.920013,448.920013
1995,1/3/1995,459.209991,459.269989,457.200012,459.109985,459.109985
1995,2/1/1995,470.420013,472.75,469.290009,470.399994,470.399994
1995,3/1/1995,487.390015,487.829987,484.920013,485.649994,485.649994
1995,4/3/1995,500.700012,501.910004,500.200012,501.850006,501.850006
1995,5/1/1995,514.76001,515.599976,513.419983,514.26001,514.26001
1995,6/1/1995,533.400024,534.210022,530.049988,533.48999,533.48999
1995,7/3/1995,544.75,547.099976,544.429993,547.090027,547.090027
1995,8/1/1995,562.059998,562.109985,556.669983,559.640015,559.640015
1995,9/1/1995,561.880005,564.619995,561.01001,563.840027,563.840027
1995,10/2/1995,584.409973,585.049988,580.539978,581.719971,581.719971
1995,11/1/1995,581.5,584.23999,581.039978,584.219971,584.219971
1995,12/1/1995,605.369995,608.109985,605.369995,606.97998,606.97998
1996,1/2/1996,615.929993,620.73999,613.169983,620.72998,620.72998
1996,2/1/1996,636.02002,638.460022,634.539978,638.460022,638.460022
1996,3/1/1996,640.429993,644.380005,635,644.369995,644.369995
1996,4/1/1996,645.5,653.869995,645.5,653.72998,653.72998
1996,5/1/1996,654.169983,656.440002,652.26001,654.580017,654.580017
1996,6/3/1996,669.119995,669.119995,665.190002,667.679993,667.679993
1996,7/1/1996,670.630005,675.880005,670.630005,675.880005,675.880005
1996,8/1/1996,639.950012,650.659973,639.48999,650.02002,650.02002
1996,9/3/1996,651.98999,655.130005,643.969971,654.719971,654.719971
1996,10/1/1996,687.309998,689.539978,684.440002,689.080017,689.080017
1996,11/1/1996,705.27002,708.599976,701.299988,703.77002,703.77002
1996,12/2/1996,757.02002,757.030029,751.48999,756.559998,756.559998
1997,1/2/1997,740.73999,742.809998,729.549988,737.01001,737.01001
1997,2/3/1997,786.159973,787.140015,783.119995,786.72998,786.72998
1997,3/3/1997,790.820007,795.309998,785.659973,795.309998,795.309998
1997,4/1/1997,757.119995,761.48999,751.26001,759.640015,759.640015
1997,5/1/1997,801.340027,802.950012,793.210022,798.530029,798.530029
1997,6/2/1997,848.280029,851.340027,844.609985,846.359985,846.359985
1997,7/1/1997,885.140015,893.880005,884.539978,891.030029,891.030029
1997,8/1/1997,954.289978,955.349976,939.039978,947.140015,947.140015
1997,9/2/1997,899.469971,927.580017,899.469971,927.580017,927.580017
1997,10/1/1997,947.280029,956.710022,947.280029,955.409973,955.409973
1997,11/3/1997,914.619995,939.02002,914.619995,938.98999,938.98999
1997,12/1/1997,955.400024,974.77002,955.400024,974.77002,974.77002
1998,1/2/1998,970.429993,975.039978,965.72998,975.039978,975.039978
1998,2/2/1998,980.280029,1002.47998,980.280029,1001.27002,1001.27002
1998,3/2/1998,1049.339966,1053.97998,1044.699951,1047.699951,1047.699951
1998,4/1/1998,1101.75,1109.189941,1095.290039,1108.150024,1108.150024
1998,5/1/1998,1111.75,1121.02002,1111.75,1121,1121
1998,6/1/1998,1090.819946,1097.849976,1084.219971,1090.97998,1090.97998
1998,7/1/1998,1133.839966,1148.560059,1133.839966,1148.560059,1148.560059
1998,8/3/1998,1120.670044,1121.790039,1110.390015,1112.439941,1112.439941
1998,9/1/1998,957.280029,1000.710022,939.97998,994.26001,994.26001
1998,10/1/1998,1017.01001,1017.01001,981.289978,986.390015,986.390015
1998,11/2/1998,1098.670044,1114.439941,1098.670044,1111.599976,1111.599976
1998,12/1/1998,1163.630005,1175.890015,1150.310059,1175.280029,1175.280029
1999,1/4/1999,1229.22998,1248.810059,1219.099976,1228.099976,1228.099976
1999,2/1/1999,1279.640015,1283.75,1271.310059,1273,1273
1999,3/1/1999,1238.329956,1238.699951,1221.880005,1236.160034,1236.160034
1999,4/1/1999,1286.369995,1294.540039,1282.560059,1293.719971,1293.719971
1999,5/3/1999,1335.180054,1354.630005,1329.01001,1354.630005,1354.630005
1999,6/1/1999,1301.839966,1301.839966,1281.439941,1294.26001,1294.26001
1999,7/1/1999,1372.709961,1382.800049,1360.800049,1380.959961,1380.959961
1999,8/2/1999,1328.719971,1344.689941,1325.209961,1328.050049,1328.050049
1999,9/1/1999,1320.410034,1331.180054,1320.390015,1331.069946,1331.069946
1999,10/1/1999,1282.709961,1283.170044,1265.780029,1282.810059,1282.810059
1999,11/1/1999,1362.930054,1367.300049,1354.050049,1354.119995,1354.119995
1999,12/1/1999,1388.910034,1400.119995,1387.380005,1397.719971,1397.719971
2000,1/3/2000,1469.25,1478,1438.359985,1455.219971,1455.219971
2000,2/1/2000,1394.459961,1412.48999,1384.790039,1409.280029,1409.280029
2000,3/1/2000,1366.420044,1383.459961,1366.420044,1379.189941,1379.189941
2000,4/3/2000,1498.579956,1507.189941,1486.959961,1505.969971,1505.969971
2000,5/1/2000,1452.430054,1481.51001,1452.430054,1468.25,1468.25
2000,6/1/2000,1420.599976,1448.810059,1420.599976,1448.810059,1448.810059
2000,7/3/2000,1454.599976,1469.579956,1450.849976,1469.540039,1469.540039
2000,8/1/2000,1430.829956,1443.540039,1428.959961,1438.099976,1438.099976
2000,9/1/2000,1517.680054,1530.089966,1515.530029,1520.77002,1520.77002
2000,10/2/2000,1436.52002,1445.599976,1429.829956,1436.22998,1436.22998
2000,11/1/2000,1429.400024,1429.599976,1410.449951,1421.219971,1421.219971
2000,12/1/2000,1314.949951,1334.670044,1307.02002,1315.22998,1315.22998
2001,1/2/2001,1320.280029,1320.280029,1276.050049,1283.27002,1283.27002
2001,2/1/2001,1366.01001,1373.5,1359.339966,1373.469971,1373.469971
2001,3/1/2001,1239.939941,1241.359985,1214.5,1241.22998,1241.22998
2001,4/2/2001,1160.329956,1169.51001,1137.51001,1145.869995,1145.869995
2001,5/1/2001,1249.459961,1266.469971,1243.550049,1266.439941,1266.439941
2001,6/1/2001,1255.819946,1265.339966,1246.880005,1260.670044,1260.670044
2001,7/2/2001,1224.420044,1239.780029,1224.030029,1236.719971,1236.719971
2001,8/1/2001,1211.22998,1223.040039,1211.22998,1215.930054,1215.930054
2001,9/4/2001,1133.579956,1155.400024,1129.060059,1132.939941,1132.939941
2001,10/1/2001,1040.939941,1040.939941,1026.76001,1038.550049,1038.550049
2001,11/1/2001,1059.780029,1085.609985,1054.310059,1084.099976,1084.099976
2001,12/3/2001,1139.449951,1139.449951,1125.780029,1129.900024,1129.900024
2002,1/2/2002,1148.079956,1154.670044,1136.22998,1154.670044,1154.670044
2002,2/1/2002,1130.199951,1130.199951,1118.51001,1122.199951,1122.199951
2002,3/1/2002,1106.72998,1131.790039,1106.72998,1131.780029,1131.780029
2002,4/1/2002,1147.390015,1147.839966,1132.869995,1146.540039,1146.540039
2002,5/1/2002,1076.920044,1088.319946,1065.290039,1086.459961,1086.459961
2002,6/3/2002,1067.140015,1070.73999,1039.900024,1040.680054,1040.680054
2002,7/1/2002,989.820007,994.460022,967.429993,968.650024,968.650024
2002,8/1/2002,911.619995,911.619995,882.47998,884.659973,884.659973
2002,9/3/2002,916.070007,916.070007,877.51001,878.02002,878.02002
2002,10/1/2002,815.280029,847.929993,812.820007,847.909973,847.909973
2002,11/1/2002,885.76001,903.419983,877.710022,900.960022,900.960022
2002,12/2/2002,936.309998,954.280029,927.719971,934.530029,934.530029
2003,1/2/2003,879.820007,909.030029,879.820007,909.030029,909.030029
2003,2/3/2003,855.700012,864.640015,855.700012,860.320007,860.320007
2003,3/3/2003,841.150024,852.340027,832.73999,834.809998,834.809998
2003,4/1/2003,848.179993,861.280029,847.849976,858.47998,858.47998
2003,5/1/2003,916.919983,919.679993,902.830017,916.299988,916.299988
2003,6/2/2003,963.590027,979.109985,963.590027,967,967
2003,7/1/2003,974.5,983.26001,962.099976,982.320007,982.320007
2003,8/1/2003,990.309998,990.309998,978.859985,980.150024,980.150024
2003,9/2/2003,1008.01001,1022.590027,1005.72998,1021.98999,1021.98999
2003,10/1/2003,995.969971,1018.219971,995.969971,1018.219971,1018.219971
2003,11/3/2003,1050.709961,1061.439941,1050.709961,1059.02002,1059.02002
2003,12/1/2003,1058.199951,1070.469971,1058.199951,1070.119995,1070.119995
2004,1/2/2004,1111.920044,1118.849976,1105.079956,1108.47998,1108.47998
2004,2/2/2004,1131.130005,1142.449951,1127.869995,1135.26001,1135.26001
2004,3/1/2004,1144.939941,1157.449951,1144.939941,1155.969971,1155.969971
2004,4/1/2004,1126.209961,1135.670044,1126.199951,1132.170044,1132.170044
2004,5/3/2004,1107.300049,1118.719971,1107.300049,1117.48999,1117.48999
2004,6/1/2004,1120.680054,1122.699951,1113.319946,1121.199951,1121.199951
2004,7/1/2004,1140.839966,1140.839966,1123.060059,1128.939941,1128.939941
2004,8/2/2004,1101.719971,1108.599976,1097.339966,1106.619995,1106.619995
2004,9/1/2004,1104.23999,1109.23999,1099.180054,1105.910034,1105.910034
2004,10/1/2004,1114.579956,1131.640015,1114.579956,1131.5,1131.5
2004,11/1/2004,1130.199951,1133.410034,1127.599976,1130.51001,1130.51001
2004,12/1/2004,1173.780029,1191.369995,1173.780029,1191.369995,1191.369995
2005,1/3/2005,1211.920044,1217.800049,1200.319946,1202.079956,1202.079956
2005,2/1/2005,1181.27002,1190.390015,1180.949951,1189.410034,1189.410034
2005,3/1/2005,1203.599976,1212.25,1203.599976,1210.410034,1210.410034
2005,4/1/2005,1180.589966,1189.800049,1169.910034,1172.920044,1172.920044
2005,5/2/2005,1156.849976,1162.869995,1154.709961,1162.160034,1162.160034
2005,6/1/2005,1191.5,1205.640015,1191.030029,1202.219971,1202.219971
2005,7/1/2005,1191.329956,1197.890015,1191.329956,1194.439941,1194.439941
2005,8/1/2005,1234.180054,1239.099976,1233.800049,1235.349976,1235.349976
2005,9/1/2005,1220.329956,1227.290039,1216.180054,1221.589966,1221.589966
2005,10/3/2005,1228.810059,1233.339966,1225.150024,1226.699951,1226.699951
2005,11/1/2005,1207.01001,1207.339966,1201.660034,1202.76001,1202.76001
2005,12/1/2005,1249.47998,1266.170044,1249.47998,1264.670044,1264.670044
2006,1/3/2006,1248.290039,1270.219971,1245.73999,1268.800049,1268.800049
2006,2/1/2006,1280.079956,1283.329956,1277.569946,1282.459961,1282.459961
2006,3/1/2006,1280.660034,1291.800049,1280.660034,1291.23999,1291.23999
2006,4/3/2006,1302.880005,1309.189941,1296.650024,1297.810059,1297.810059
2006,5/1/2006,1310.609985,1317.209961,1303.459961,1305.189941,1305.189941
2006,6/1/2006,1270.050049,1285.709961,1269.189941,1285.709961,1285.709961
2006,7/3/2006,1270.060059,1280.380005,1270.060059,1280.189941,1280.189941
2006,8/1/2006,1278.530029,1278.660034,1265.709961,1270.920044,1270.920044
2006,9/1/2006,1303.800049,1312.030029,1303.800049,1311.01001,1311.01001
2006,10/2/2006,1335.819946,1338.540039,1330.280029,1331.319946,1331.319946
2006,11/1/2006,1377.76001,1381.949951,1366.26001,1367.810059,1367.810059
2006,12/1/2006,1400.630005,1402.459961,1385.930054,1396.709961,1396.709961
2007,1/3/2007,1418.030029,1429.420044,1407.859985,1416.599976,1416.599976
2007,2/1/2007,1437.900024,1446.640015,1437.900024,1445.939941,1445.939941
2007,3/1/2007,1406.800049,1409.459961,1380.869995,1403.170044,1403.170044
2007,4/2/2007,1420.829956,1425.48999,1416.369995,1424.550049,1424.550049
2007,5/1/2007,1482.369995,1487.27002,1476.699951,1486.300049,1486.300049
2007,6/1/2007,1530.619995,1540.560059,1530.619995,1536.339966,1536.339966
2007,7/2/2007,1504.660034,1519.449951,1504.660034,1519.430054,1519.430054
2007,8/1/2007,1455.180054,1468.380005,1439.589966,1465.810059,1465.810059
2007,9/4/2007,1473.959961,1496.400024,1472.150024,1489.420044,1489.420044
2007,10/1/2007,1527.290039,1549.02002,1527.25,1547.040039,1547.040039
2007,11/1/2007,1545.790039,1545.790039,1506.660034,1508.439941,1508.439941
2007,12/3/2007,1479.630005,1481.160034,1470.079956,1472.420044,1472.420044
2008,1/2/2008,1467.969971,1471.77002,1442.069946,1447.160034,1447.160034
2008,2/1/2008,1378.599976,1396.02002,1375.930054,1395.420044,1395.420044
2008,3/3/2008,1330.449951,1335.130005,1320.040039,1331.339966,1331.339966
2008,4/1/2008,1326.410034,1370.180054,1326.410034,1370.180054,1370.180054
2008,5/1/2008,1385.969971,1410.069946,1383.069946,1409.339966,1409.339966
2008,6/2/2008,1399.619995,1399.619995,1377.790039,1385.670044,1385.670044
2008,7/1/2008,1276.689941,1285.310059,1260.680054,1284.910034,1284.910034
2008,8/1/2008,1269.420044,1270.52002,1254.540039,1260.310059,1260.310059
2008,9/2/2008,1287.829956,1303.040039,1272.199951,1277.579956,1277.579956
2008,10/1/2008,1164.170044,1167.030029,1140.77002,1161.060059,1161.060059
2008,11/3/2008,968.669983,975.570007,958.820007,966.299988,966.299988
2008,12/1/2008,888.609985,888.609985,815.690002,816.210022,816.210022
2009,1/2/2009,902.98999,934.72998,899.349976,931.799988,931.799988
2009,2/2/2009,823.090027,830.780029,812.869995,825.440002,825.440002
2009,3/2/2009,729.570007,729.570007,699.700012,700.820007,700.820007
2009,4/1/2009,793.590027,813.619995,783.320007,811.080017,811.080017
2009,5/1/2009,872.73999,880.47998,866.099976,877.52002,877.52002
2009,6/1/2009,923.26001,947.77002,923.26001,942.869995,942.869995
2009,7/1/2009,920.820007,931.919983,920.820007,923.330017,923.330017
2009,8/3/2009,990.219971,1003.609985,990.219971,1002.630005,1002.630005
2009,9/1/2009,1019.52002,1028.449951,996.280029,998.039978,998.039978
2009,10/1/2009,1054.910034,1054.910034,1029.449951,1029.849976,1029.849976
2009,11/2/2009,1036.180054,1052.180054,1029.380005,1042.880005,1042.880005
2009,12/1/2009,1098.890015,1112.280029,1098.890015,1108.859985,1108.859985
2010,1/4/2010,1116.560059,1133.869995,1116.560059,1132.98999,1132.98999
2010,2/1/2010,1073.890015,1089.380005,1073.890015,1089.189941,1089.189941
2010,3/1/2010,1105.359985,1116.109985,1105.359985,1115.709961,1115.709961
2010,4/1/2010,1171.22998,1181.430054,1170.689941,1178.099976,1178.099976
2010,5/3/2010,1188.579956,1205.130005,1188.579956,1202.26001,1202.26001
2010,6/1/2010,1087.300049,1094.77002,1069.890015,1070.709961,1070.709961
2010,7/1/2010,1031.099976,1033.579956,1010.909973,1027.369995,1027.369995
2010,8/2/2010,1107.530029,1127.300049,1107.530029,1125.859985,1125.859985
2010,9/1/2010,1049.719971,1081.300049,1049.719971,1080.290039,1080.290039
2010,10/1/2010,1143.48999,1150.300049,1139.420044,1146.23999,1146.23999
2010,11/1/2010,1185.709961,1195.810059,1177.650024,1184.380005,1184.380005
2010,12/1/2010,1186.599976,1207.609985,1186.599976,1206.069946,1206.069946
2011,1/3/2011,1257.619995,1276.170044,1257.619995,1271.869995,1271.869995
2011,2/1/2011,1289.140015,1308.859985,1289.140015,1307.589966,1307.589966
2011,3/1/2011,1328.640015,1332.089966,1306.140015,1306.329956,1306.329956
2011,4/1/2011,1329.47998,1337.849976,1328.890015,1332.410034,1332.410034
2011,5/2/2011,1365.209961,1370.579956,1358.589966,1361.219971,1361.219971
2011,6/1/2011,1345.199951,1345.199951,1313.709961,1314.550049,1314.550049
2011,7/1/2011,1320.640015,1341.01001,1318.180054,1339.670044,1339.670044
2011,8/1/2011,1292.589966,1307.380005,1274.72998,1286.939941,1286.939941
2011,9/1/2011,1219.119995,1229.290039,1203.849976,1204.420044,1204.420044
2011,10/3/2011,1131.209961,1138.98999,1098.920044,1099.22998,1099.22998
2011,11/1/2011,1251,1251,1215.420044,1218.280029,1218.280029
2011,12/1/2011,1246.910034,1251.089966,1239.72998,1244.579956,1244.579956
2012,1/3/2012,1258.859985,1284.619995,1258.859985,1277.060059,1277.060059
2012,2/1/2012,1312.449951,1330.52002,1312.449951,1324.089966,1324.089966
2012,3/1/2012,1365.900024,1376.170044,1365.900024,1374.089966,1374.089966
2012,4/2/2012,1408.469971,1422.380005,1404.459961,1419.040039,1419.040039
2012,5/1/2012,1397.859985,1415.319946,1395.72998,1405.819946,1405.819946
2012,6/1/2012,1309.869995,1309.869995,1277.25,1278.040039,1278.040039
2012,7/2/2012,1362.329956,1366.349976,1355.699951,1365.51001,1365.51001
2012,8/1/2012,1379.319946,1385.030029,1373.349976,1375.319946,1375.319946
2012,9/4/2012,1406.540039,1409.310059,1396.560059,1404.939941,1404.939941
2012,10/1/2012,1440.900024,1457.140015,1440.900024,1444.48999,1444.48999
2012,11/1/2012,1412.199951,1428.349976,1412.199951,1427.589966,1427.589966
2012,12/3/2012,1416.339966,1423.72998,1408.459961,1409.459961,1409.459961
2013,1/2/2013,1426.189941,1462.430054,1426.189941,1462.420044,1462.420044
2013,2/1/2013,1498.109985,1514.410034,1498.109985,1513.170044,1513.170044
2013,3/1/2013,1514.680054,1519.98999,1501.47998,1518.199951,1518.199951
2013,4/1/2013,1569.180054,1570.569946,1558.469971,1562.170044,1562.170044
2013,5/1/2013,1597.550049,1597.550049,1581.280029,1582.699951,1582.699951
2013,6/3/2013,1631.709961,1640.420044,1622.719971,1640.420044,1640.420044
2013,7/1/2013,1609.780029,1626.609985,1609.780029,1614.959961,1614.959961
2013,8/1/2013,1689.420044,1707.849976,1689.420044,1706.869995,1706.869995
2013,9/3/2013,1635.949951,1651.349976,1633.410034,1639.77002,1639.77002
2013,10/1/2013,1682.410034,1696.550049,1682.069946,1695,1695
2013,11/1/2013,1758.699951,1765.670044,1752.699951,1761.640015,1761.640015
2013,12/2/2013,1806.550049,1810.02002,1798.599976,1800.900024,1800.900024
2014,1/2/2014,1845.859985,1845.859985,1827.73999,1831.97998,1831.97998
2014,2/3/2014,1782.680054,1784.829956,1739.660034,1741.890015,1741.890015
2014,3/3/2014,1857.680054,1857.680054,1834.439941,1845.72998,1845.72998
2014,4/1/2014,1873.959961,1885.839966,1873.959961,1885.52002,1885.52002
2014,5/1/2014,1884.390015,1888.589966,1878.040039,1883.680054,1883.680054
2014,6/2/2014,1923.869995,1925.880005,1915.97998,1924.969971,1924.969971
2014,7/1/2014,1962.290039,1978.579956,1962.290039,1973.319946,1973.319946
2014,8/1/2014,1929.800049,1937.349976,1916.369995,1925.150024,1925.150024
2014,9/2/2014,2004.069946,2006.119995,1994.849976,2002.280029,2002.280029
2014,10/1/2014,1971.439941,1971.439941,1941.719971,1946.160034,1946.160034
2014,11/3/2014,2018.209961,2024.459961,2013.680054,2017.810059,2017.810059
2014,12/1/2014,2065.780029,2065.780029,2049.570068,2053.439941,2053.439941
2015,1/2/2015,2058.899902,2072.360107,2046.040039,2058.199951,2058.199951
2015,2/2/2015,1996.670044,2021.660034,1980.900024,2020.849976,2020.849976
2015,3/2/2015,2105.22998,2117.52002,2104.5,2117.389893,2117.389893
2015,4/1/2015,2067.629883,2067.629883,2048.379883,2059.689941,2059.689941
2015,5/1/2015,2087.379883,2108.409912,2087.379883,2108.290039,2108.290039
2015,6/1/2015,2108.639893,2119.149902,2102.540039,2111.72998,2111.72998
2015,7/1/2015,2067,2082.780029,2067,2077.419922,2077.419922
2015,8/3/2015,2104.48999,2105.699951,2087.310059,2098.040039,2098.040039
2015,9/1/2015,1970.089966,1970.089966,1903.069946,1913.849976,1913.849976
2015,10/1/2015,1919.650024,1927.209961,1900.699951,1923.819946,1923.819946
2015,11/2/2015,2080.76001,2106.199951,2080.76001,2104.050049,2104.050049
2015,12/1/2015,2082.929932,2103.370117,2082.929932,2102.629883,2102.629883
2016,1/4/2016,2038.199951,2038.199951,1989.680054,2012.660034,2012.660034
2016,2/1/2016,1936.939941,1947.199951,1920.300049,1939.380005,1939.380005
2016,3/1/2016,1937.089966,1978.349976,1937.089966,1978.349976,1978.349976
2016,4/1/2016,2056.620117,2075.070068,2043.97998,2072.780029,2072.780029
2016,5/2/2016,2067.169922,2083.419922,2066.110107,2081.429932,2081.429932
2016,6/1/2016,2093.939941,2100.969971,2085.100098,2099.330078,2099.330078
2016,7/1/2016,2099.340088,2108.709961,2097.899902,2102.949951,2102.949951
2016,8/1/2016,2173.149902,2178.290039,2166.209961,2170.840088,2170.840088
2016,9/1/2016,2171.330078,2173.560059,2157.090088,2170.860107,2170.860107
2016,10/3/2016,2164.330078,2164.409912,2154.77002,2161.199951,2161.199951
2016,11/1/2016,2128.679932,2131.449951,2097.850098,2111.719971,2111.719971
2016,12/1/2016,2200.169922,2202.600098,2187.439941,2191.080078,2191.080078
2017,1/3/2017,2251.570068,2263.879883,2245.129883,2257.830078,2257.830078
2017,2/1/2017,2285.590088,2289.139893,2272.439941,2279.550049,2279.550049
2017,3/1/2017,2380.129883,2400.97998,2380.129883,2395.959961,2395.959961
2017,4/3/2017,2362.340088,2365.870117,2344.72998,2358.840088,2358.840088
2017,5/1/2017,2388.5,2394.48999,2384.830078,2388.330078,2388.330078
2017,6/1/2017,2415.649902,2430.060059,2413.540039,2430.060059,2430.060059
2017,7/3/2017,2431.389893,2439.169922,2428.689941,2429.01001,2429.01001
2017,8/1/2017,2477.100098,2478.51001,2471.139893,2476.350098,2476.350098
2017,9/1/2017,2474.419922,2480.379883,2473.850098,2476.550049,2476.550049
2017,10/2/2017,2521.199951,2529.22998,2520.399902,2529.120117,2529.120117
2017,11/1/2017,2583.209961,2588.399902,2574.919922,2579.360107,2579.360107
2017,12/1/2017,2645.100098,2650.620117,2605.52002,2642.219971,2642.219971
2018,1/2/2018,2683.72998,2695.889893,2682.360107,2695.810059,2695.810059
2018,2/1/2018,2816.449951,2835.959961,2812.699951,2821.97998,2821.97998
2018,3/1/2018,2715.219971,2730.889893,2659.649902,2677.669922,2677.669922
2018,4/2/2018,2633.449951,2638.300049,2553.800049,2581.879883,2581.879883
2018,5/1/2018,2642.959961,2655.27002,2625.409912,2654.800049,2654.800049
2018,6/1/2018,2718.699951,2736.929932,2718.699951,2734.620117,2734.620117
2018,7/2/2018,2704.949951,2727.26001,2698.949951,2726.709961,2726.709961
2018,8/1/2018,2821.169922,2825.830078,2805.850098,2813.360107,2813.360107
2018,9/4/2018,2896.959961,2900.179932,2885.129883,2896.719971,2896.719971
2018,10/1/2018,2926.290039,2937.060059,2917.909912,2924.590088,2924.590088
2018,11/1/2018,2717.580078,2741.669922,2708.850098,2740.370117,2740.370117
2018,12/3/2018,2790.5,2800.179932,2773.379883,2790.370117,2790.370117
2019,1/2/2019,2476.959961,2519.48999,2467.469971,2510.030029,2510.030029
2019,2/1/2019,2702.320068,2716.659912,2696.879883,2706.530029,2706.530029
2019,3/1/2019,2798.219971,2808.02002,2787.379883,2803.689941,2803.689941
2019,4/1/2019,2848.629883,2869.399902,2848.629883,2867.189941,2867.189941
2019,5/1/2019,2952.330078,2954.129883,2923.360107,2923.72998,2923.72998
2019,6/3/2019,2751.530029,2763.070068,2728.810059,2744.449951,2744.449951
2019,7/1/2019,2971.409912,2977.929932,2952.219971,2964.330078,2964.330078
2019,8/1/2019,2980.320068,3013.590088,2945.22998,2953.560059,2953.560059
2019,9/3/2019,2909.01001,2914.389893,2891.850098,2906.27002,2906.27002
2019,10/1/2019,2983.689941,2992.530029,2938.699951,2940.25,2940.25
2019,11/1/2019,3050.719971,3066.949951,3050.719971,3066.909912,3066.909912
2019,12/2/2019,3143.850098,3144.310059,3110.780029,3113.870117,3113.870117
2020,1/2/2020,3244.669922,3258.139893,3235.530029,3257.850098,3257.850098
2020,2/3/2020,3235.659912,3268.439941,3235.659912,3248.919922,3248.919922
2020,3/2/2020,2974.280029,3090.959961,2945.189941,3090.22998,3090.22998
2020,4/1/2020,2498.080078,2522.75,2447.48999,2470.5,2470.5
2020,5/1/2020,2869.090088,2869.090088,2821.610107,2830.709961,2830.709961
2020,6/1/2020,3038.780029,3062.179932,3031.540039,3055.72998,3055.72998
